-- phpMyAdmin SQL Dump
-- version 5.2.1
-- https://www.phpmyadmin.net/
--
-- Host: 127.0.0.1:3306
-- Generation Time: Sep 25, 2025 at 12:18 PM
-- Server version: 9.1.0
-- PHP Version: 8.3.14

SET SQL_MODE = "NO_AUTO_VALUE_ON_ZERO";
START TRANSACTION;
SET time_zone = "+00:00";


/*!40101 SET @OLD_CHARACTER_SET_CLIENT=@@CHARACTER_SET_CLIENT */;
/*!40101 SET @OLD_CHARACTER_SET_RESULTS=@@CHARACTER_SET_RESULTS */;
/*!40101 SET @OLD_COLLATION_CONNECTION=@@COLLATION_CONNECTION */;
/*!40101 SET NAMES utf8mb4 */;

--
-- Database: `typefast`
--
CREATE DATABASE IF NOT EXISTS `typefast` DEFAULT CHARACTER SET ascii COLLATE ascii_general_ci;
USE `typefast`;

-- --------------------------------------------------------

--
-- Table structure for table `category`
--

DROP TABLE IF EXISTS `category`;
CREATE TABLE IF NOT EXISTS `category` (
  `idCat` int NOT NULL AUTO_INCREMENT,
  `name` varchar(50) DEFAULT NULL,
  PRIMARY KEY (`idCat`)
) ENGINE=InnoDB AUTO_INCREMENT=4 DEFAULT CHARSET=ascii;

--
-- Dumping data for table `category`
--

INSERT INTO `category` (`idCat`, `name`) VALUES
(1, 'History'),
(2, 'Biology'),
(3, 'Quotes');

-- --------------------------------------------------------

--
-- Table structure for table `daily`
--

DROP TABLE IF EXISTS `daily`;
CREATE TABLE IF NOT EXISTS `daily` (
  `idDai` int NOT NULL AUTO_INCREMENT,
  `idTex` int NOT NULL,
  `startTime` bigint DEFAULT NULL,
  PRIMARY KEY (`idDai`),
  KEY `R_3` (`idTex`)
) ENGINE=InnoDB AUTO_INCREMENT=2 DEFAULT CHARSET=ascii;

--
-- Dumping data for table `daily`
--

INSERT INTO `daily` (`idDai`, `idTex`, `startTime`) VALUES
(1, 6, 1758800861);

-- --------------------------------------------------------

--
-- Table structure for table `dailyscore`
--

DROP TABLE IF EXISTS `dailyscore`;
CREATE TABLE IF NOT EXISTS `dailyscore` (
  `idDSc` int NOT NULL AUTO_INCREMENT,
  `idSco` int NOT NULL,
  PRIMARY KEY (`idDSc`),
  KEY `R_6` (`idSco`)
) ENGINE=InnoDB DEFAULT CHARSET=ascii;

-- --------------------------------------------------------

--
-- Table structure for table `follows`
--

DROP TABLE IF EXISTS `follows`;
CREATE TABLE IF NOT EXISTS `follows` (
  `idFer` int NOT NULL,
  `idFed` int NOT NULL,
  PRIMARY KEY (`idFer`,`idFed`),
  KEY `R_8` (`idFed`)
) ENGINE=InnoDB DEFAULT CHARSET=ascii;

-- --------------------------------------------------------

--
-- Table structure for table `person`
--

DROP TABLE IF EXISTS `person`;
CREATE TABLE IF NOT EXISTS `person` (
  `idPer` int NOT NULL AUTO_INCREMENT,
  `username` varchar(50) DEFAULT NULL,
  `password` varchar(256) DEFAULT NULL,
  `op` int DEFAULT NULL,
  `gold` int DEFAULT NULL,
  `silver` int DEFAULT NULL,
  `bronze` int DEFAULT NULL,
  `blReason` varchar(1000) DEFAULT NULL,
  `blUntil` bigint DEFAULT NULL,
  PRIMARY KEY (`idPer`)
) ENGINE=InnoDB AUTO_INCREMENT=6 DEFAULT CHARSET=ascii;

--
-- Dumping data for table `person`
--

INSERT INTO `person` (`idPer`, `username`, `password`, `op`, `gold`, `silver`, `bronze`, `blReason`, `blUntil`) VALUES
(1, 'test', 'AQAAAAIAAYagAAAAEEUKJSoNiu4oSCzErlS58Jq5fd/iJo0FAqJPvb3S2C4GaHQRL8iaQbvN7Bt3tRcAhA==', 0, 0, 0, 0, NULL, 0),
(2, 'admin', 'AQAAAAIAAYagAAAAEFo8/n1t8LRKDGYF3+Lhyf6lBRyuJolhUzG1ng/oNtD7umvUqt5Xu1FJlfDYIx5Bow==', 1, 0, 0, 0, NULL, 0),
(3, 'test2', 'AQAAAAIAAYagAAAAEDDk3ydVp3iCsYcjfbc+spYRxH1dNqpXKTxszUeZm4xjLdhj81Pvfp4TayRwWkkKDA==', 0, 0, 0, 0, NULL, 0),
(4, 'test3', 'AQAAAAIAAYagAAAAEBCyaYBLhvu2jZ01qtggkaBsQAJYS00Ve1apVqSW5SP5O0g/vxtEZGZ6vkpzwMfmEg==', 0, 0, 0, 0, NULL, 0),
(5, 'test4', 'AQAAAAIAAYagAAAAED1PGGh8zQoozBVuhWNby8Y/F1tdeEAg+SX37flCq+0BRo5/FC0zzNtHZITE8X9y9g==', 0, 0, 0, 0, NULL, 0);

-- --------------------------------------------------------

--
-- Table structure for table `score`
--

DROP TABLE IF EXISTS `score`;
CREATE TABLE IF NOT EXISTS `score` (
  `idSco` int NOT NULL AUTO_INCREMENT,
  `idPer` int NOT NULL,
  `idTex` int NOT NULL,
  `datePlayed` date DEFAULT NULL,
  `time` double DEFAULT NULL,
  `accuracy` double DEFAULT NULL,
  `wpm` double DEFAULT NULL,
  PRIMARY KEY (`idSco`),
  KEY `R_4` (`idPer`),
  KEY `R_5` (`idTex`)
) ENGINE=InnoDB AUTO_INCREMENT=697 DEFAULT CHARSET=ascii;

--
-- Dumping data for table `score`
--

INSERT INTO `score` (`idSco`, `idPer`, `idTex`, `datePlayed`, `time`, `accuracy`, `wpm`) VALUES
(1, 1, 7, '2024-09-26', 691.897849, 0.923521, 1.664986),
(2, 1, 4, '2024-09-26', 825.745686, 0.617153, 2.659414),
(3, 1, 7, '2024-09-27', 28.439243, 0.535943, 40.507407),
(4, 1, 13, '2024-09-28', 90.48713, 0.789173, 16.576943),
(5, 1, 2, '2024-09-29', 87.224209, 0.976369, 23.388002),
(6, 1, 2, '2024-09-29', 81.805933, 0.895349, 24.937067),
(7, 1, 11, '2024-09-30', 64.839653, 0.918084, 55.521581),
(8, 1, 14, '2024-10-01', 19.929818, 0.98256, 37.330998),
(9, 1, 14, '2024-10-02', 30.615869, 0.838623, 24.301123),
(10, 1, 4, '2024-10-02', 36.539691, 0.87932, 60.099031),
(11, 1, 7, '2024-10-03', 128.938315, 0.753452, 8.934505),
(12, 1, 7, '2024-10-04', 42.414889, 0.961175, 27.160274),
(13, 1, 8, '2024-10-05', 54.577641, 0.59766, 30.122225),
(14, 1, 7, '2024-10-05', 20.651773, 0.628754, 55.782135),
(15, 1, 16, '2024-10-06', 38.485565, 0.908478, 20.89095),
(16, 1, 11, '2024-10-06', 140.168154, 0.723324, 25.683437),
(17, 1, 14, '2024-10-10', 20.291562, 0.579641, 36.665488),
(18, 1, 14, '2024-10-10', 15.411775, 0.568648, 48.274777),
(19, 1, 13, '2024-10-10', 43.17275, 0.551672, 34.744138),
(20, 1, 1, '2024-10-12', 54.606934, 0.820632, 43.73071),
(21, 1, 2, '2024-10-12', 66.058391, 0.549952, 30.881769),
(22, 1, 13, '2024-10-13', 210.027365, 0.793756, 7.141926),
(23, 1, 14, '2024-10-14', 49.254699, 0.612578, 15.105158),
(24, 1, 6, '2024-10-15', 152.649102, 0.91089, 34.117462),
(25, 1, 3, '2024-10-15', 112.288188, 0.580153, 12.396674),
(26, 1, 12, '2024-10-15', 34.707347, 0.906864, 58.777181),
(27, 1, 2, '2024-10-15', 39.933214, 0.551841, 51.085294),
(28, 1, 7, '2024-10-17', 39.907435, 0.80381, 28.866802),
(29, 1, 16, '2024-10-18', 16.549105, 0.912745, 48.582688),
(30, 1, 9, '2024-10-19', 46.796454, 0.855415, 30.771562),
(31, 1, 13, '2024-10-20', 94.151649, 0.684758, 15.931744),
(32, 1, 2, '2024-10-21', 50.037305, 0.689163, 40.769582),
(33, 1, 16, '2024-10-24', 13.940882, 0.689476, 57.672104),
(34, 1, 9, '2024-10-24', 38.751777, 0.904353, 37.159586),
(35, 1, 5, '2024-10-25', 205.369152, 0.819798, 10.868234),
(36, 1, 5, '2024-10-26', 61.000843, 0.533652, 36.589658),
(37, 1, 14, '2024-10-27', 57.998241, 0.710083, 12.827975),
(38, 1, 14, '2024-10-28', 11.741633, 0.945688, 63.364269),
(39, 1, 11, '2024-10-29', 73.588778, 0.961393, 48.920503),
(40, 1, 13, '2024-10-30', 43.692633, 0.914976, 34.330731),
(41, 1, 10, '2024-10-31', 31.06392, 0.976788, 49.446432),
(42, 1, 4, '2024-10-31', 129.264069, 0.62221, 16.98848),
(43, 1, 14, '2024-11-01', 14.632472, 0.826752, 50.845818),
(44, 1, 1, '2024-11-01', 52.301481, 0.645604, 45.658363),
(45, 1, 12, '2024-11-02', 117.335719, 0.592264, 17.38601),
(46, 1, 5, '2024-11-03', 161.288286, 0.569194, 13.838575),
(47, 1, 10, '2024-11-04', 102.375365, 0.636611, 15.00361),
(48, 1, 8, '2024-11-04', 28.406427, 0.945194, 57.874226),
(49, 1, 1, '2024-11-04', 56.975715, 0.59153, 41.912594),
(50, 1, 3, '2024-11-04', 22.135893, 0.57941, 62.884293),
(51, 1, 5, '2024-11-04', 110.42309, 0.940765, 20.213164),
(52, 1, 2, '2024-11-04', 146.197979, 0.755007, 13.953681),
(53, 1, 3, '2024-11-05', 27.843088, 0.908026, 49.994455),
(54, 1, 1, '2024-11-05', 143.518452, 0.76413, 16.638975),
(55, 1, 6, '2024-11-05', 104.615248, 0.918757, 49.782418),
(56, 1, 6, '2024-11-06', 117.107768, 0.729055, 44.471858),
(57, 1, 6, '2024-11-07', 94.072795, 0.952986, 55.361382),
(58, 1, 4, '2024-11-08', 38.956854, 0.98643, 56.370055),
(59, 1, 14, '2024-11-09', 15.928414, 0.777734, 46.708981),
(60, 1, 2, '2024-11-09', 130.636517, 0.785881, 15.615848),
(61, 1, 8, '2024-11-10', 106.534647, 0.591873, 15.431599),
(62, 1, 9, '2024-11-11', 20.806998, 0.679353, 69.207486),
(63, 1, 1, '2024-11-11', 72.89153, 0.886396, 32.761008),
(64, 1, 7, '2024-11-12', 21.338032, 0.7275, 53.98811),
(65, 1, 6, '2024-11-12', 94.863457, 0.804426, 54.89996),
(66, 1, 5, '2024-11-13', 78.299393, 0.591905, 28.505968),
(67, 1, 6, '2024-11-14', 136.157549, 0.695516, 38.249807),
(68, 1, 11, '2024-11-15', 55.604961, 0.712136, 64.742425),
(69, 1, 1, '2024-11-17', 45.838634, 0.670773, 52.095793),
(70, 1, 3, '2024-11-18', 65.710625, 0.977167, 21.183789),
(71, 1, 6, '2024-11-19', 216.844239, 0.735973, 24.017239),
(72, 1, 2, '2024-11-20', 78.053844, 0.783802, 26.135804),
(73, 1, 12, '2024-11-20', 56.852391, 0.63209, 35.882396),
(74, 1, 4, '2024-11-21', 37.901763, 0.908069, 57.939257),
(75, 1, 2, '2024-11-21', 139.37111, 0.966655, 14.63718),
(76, 1, 11, '2024-11-22', 83.050043, 0.994668, 43.347359),
(77, 1, 7, '2024-11-22', 36.642089, 0.640557, 31.439256),
(78, 1, 13, '2024-11-24', 44.330169, 0.568272, 33.837002),
(79, 1, 3, '2024-11-25', 39.992701, 0.908121, 34.806352),
(80, 1, 8, '2024-11-25', 75.046543, 0.84013, 21.906405),
(81, 1, 4, '2024-11-25', 103.874457, 0.875104, 21.140905),
(82, 1, 2, '2024-11-26', 69.846503, 0.903296, 29.206902),
(83, 1, 1, '2024-11-27', 35.030613, 0.610738, 68.168947),
(84, 1, 15, '2024-11-27', 33.263493, 0.862479, 62.410764),
(85, 1, 13, '2024-11-28', 29.920317, 0.753906, 50.133159),
(86, 1, 14, '2024-11-29', 10.410812, 0.568141, 71.464166),
(87, 1, 9, '2024-11-30', 74.053426, 0.745039, 19.445421),
(88, 1, 8, '2024-12-01', 33.600139, 0.861564, 48.928369),
(89, 1, 4, '2024-12-02', 29.830031, 0.640859, 73.617087),
(90, 1, 15, '2024-12-03', 45.505506, 0.84204, 45.620853),
(91, 1, 7, '2024-12-04', 65.097161, 0.674177, 17.696624),
(92, 1, 14, '2024-12-04', 29.903669, 0.643317, 24.87989),
(93, 1, 14, '2024-12-05', 10.382598, 0.69577, 71.658364),
(94, 1, 8, '2024-12-06', 23.029285, 0.931293, 71.387367),
(95, 1, 9, '2024-12-06', 27.254687, 0.957514, 52.834949),
(96, 1, 13, '2024-12-08', 48.277855, 0.61807, 31.070146),
(97, 1, 8, '2024-12-10', 77.261772, 0.615621, 21.278311),
(98, 1, 6, '2024-12-10', 170.929026, 0.733292, 30.468786),
(99, 1, 10, '2024-12-11', 68.453128, 0.722346, 22.438712),
(100, 1, 7, '2024-12-12', 27.329555, 0.929742, 42.152168),
(101, 1, 3, '2024-12-13', 22.648089, 0.594167, 61.46214),
(102, 1, 2, '2024-12-14', 39.667446, 0.878137, 51.427561),
(103, 1, 16, '2024-12-15', 10.876133, 0.827339, 73.92333),
(104, 1, 15, '2024-12-15', 38.146236, 0.626755, 54.422145),
(105, 1, 13, '2024-12-16', 21.165263, 0.907164, 70.870842),
(106, 1, 12, '2024-12-17', 44.019907, 0.905042, 46.34267),
(107, 1, 15, '2024-12-17', 60.356785, 0.798679, 34.39547),
(108, 1, 2, '2024-12-18', 38.884553, 0.690317, 52.462992),
(109, 1, 3, '2024-12-19', 23.128571, 0.773525, 60.1853),
(110, 1, 6, '2024-12-20', 72.580179, 0.715418, 71.755128),
(111, 1, 16, '2024-12-20', 18.053319, 0.769204, 44.534748),
(112, 1, 14, '2024-12-21', 21.859176, 0.839013, 34.03605),
(113, 1, 12, '2024-12-22', 39.651902, 0.824006, 51.447721),
(114, 1, 8, '2024-12-22', 34.127617, 0.809088, 48.17213),
(115, 1, 3, '2024-12-22', 22.805095, 0.916319, 61.038991),
(116, 1, 3, '2024-12-23', 33.341711, 0.703426, 41.749507),
(117, 1, 16, '2024-12-24', 11.600337, 0.765271, 69.308331),
(118, 1, 13, '2024-12-24', 32.024349, 0.888981, 46.83936),
(119, 1, 14, '2024-12-25', 11.810053, 0.948637, 62.997178),
(120, 1, 3, '2024-12-26', 35.169369, 0.626932, 39.579897),
(121, 1, 10, '2024-12-26', 20.927965, 0.840562, 73.39462),
(122, 1, 10, '2024-12-26', 28.943113, 0.731952, 53.069619),
(123, 1, 13, '2024-12-27', 42.410484, 0.880872, 35.368613),
(124, 1, 5, '2024-12-28', 33.076504, 0.992857, 67.479925),
(125, 1, 3, '2024-12-28', 52.073993, 0.851174, 26.731194),
(126, 1, 14, '2024-12-28', 9.037562, 0.741567, 82.323085),
(127, 1, 1, '2024-12-29', 64.298334, 0.766266, 37.139376),
(128, 1, 5, '2024-12-30', 29.513984, 0.918104, 75.625169),
(129, 1, 15, '2024-12-30', 29.268135, 0.999093, 70.930383),
(130, 1, 8, '2024-12-31', 27.362281, 0.830899, 60.08271),
(131, 1, 16, '2024-12-31', 20.560518, 0.725256, 39.104074),
(132, 1, 1, '2024-12-31', 91.755162, 0.779453, 26.025784),
(133, 1, 2, '2024-12-31', 59.025369, 0.881078, 34.561411),
(134, 1, 4, '2024-12-31', 44.244221, 0.626341, 49.633601),
(135, 1, 10, '2025-01-01', 20.12022, 0.898018, 76.341113),
(136, 1, 2, '2025-01-02', 38.164745, 0.950118, 53.452473),
(137, 1, 16, '2025-01-04', 21.423247, 0.674733, 37.529325),
(138, 1, 3, '2025-01-05', 35.11633, 0.607158, 39.639677),
(139, 1, 12, '2025-01-05', 27.7691, 0.911274, 73.46295),
(140, 1, 1, '2025-01-06', 36.14489, 0.919019, 66.06743),
(141, 1, 2, '2025-01-07', 34.286792, 0.649894, 59.49813),
(142, 1, 9, '2025-01-08', 25.68979, 0.689385, 56.053397),
(143, 1, 15, '2025-01-09', 46.244072, 0.829022, 44.892241),
(144, 1, 12, '2025-01-09', 26.494649, 0.856164, 76.996678),
(145, 1, 13, '2025-01-09', 48.580202, 0.606757, 30.876776),
(146, 1, 13, '2025-01-10', 37.997995, 0.972425, 39.475767),
(147, 1, 1, '2025-01-11', 33.959938, 0.696481, 70.318149),
(148, 1, 6, '2025-01-12', 61.803996, 0.7828, 84.266396),
(149, 1, 12, '2025-01-12', 27.871578, 0.656531, 73.192842),
(150, 1, 8, '2025-01-13', 36.050599, 0.887282, 45.602571),
(151, 1, 11, '2025-01-13', 72.31011, 0.840837, 49.78557),
(152, 1, 14, '2025-01-13', 25.508303, 0.738925, 29.166973),
(153, 1, 6, '2025-01-13', 155.099908, 0.840924, 33.578356),
(154, 1, 14, '2025-01-13', 10.6803, 0.613028, 69.660964),
(155, 1, 3, '2025-01-14', 16.178352, 0.959315, 86.040903),
(156, 1, 3, '2025-01-14', 17.244746, 0.79778, 80.720239),
(157, 1, 12, '2025-01-14', 48.957841, 0.708011, 41.668504),
(158, 1, 8, '2025-01-14', 19.728784, 0.872907, 83.330021),
(159, 1, 4, '2025-01-15', 65.358129, 0.620129, 33.599493),
(160, 1, 15, '2025-01-16', 48.030262, 0.865112, 43.22275),
(161, 1, 5, '2025-01-17', 28.218805, 0.992739, 79.096193),
(162, 1, 5, '2025-01-18', 31.175339, 0.726196, 71.595051),
(163, 1, 6, '2025-01-19', 84.186431, 0.623709, 61.862701),
(164, 1, 12, '2025-01-19', 24.408494, 0.812086, 83.577462),
(165, 1, 2, '2025-01-19', 52.326027, 0.822037, 38.986335),
(166, 1, 10, '2025-01-20', 41.883111, 0.627698, 36.673494),
(167, 1, 11, '2025-01-21', 79.968293, 0.808018, 45.017842),
(168, 1, 12, '2025-01-22', 23.958237, 0.694138, 85.148167),
(169, 1, 10, '2025-01-23', 21.167658, 0.975111, 72.563531),
(170, 1, 2, '2025-01-25', 31.585805, 0.693666, 64.585975),
(171, 1, 10, '2025-01-25', 25.934119, 0.806152, 59.226998),
(172, 1, 12, '2025-01-25', 56.470796, 0.795574, 36.124867),
(173, 1, 10, '2025-01-26', 19.647556, 0.675973, 78.177663),
(174, 1, 15, '2025-01-26', 41.416022, 0.806869, 50.125528),
(175, 1, 10, '2025-01-26', 35.983441, 0.980089, 42.686301),
(176, 1, 6, '2025-01-27', 65.394512, 0.869542, 79.639711),
(177, 1, 2, '2025-01-27', 23.618161, 0.798862, 86.374211),
(178, 1, 13, '2025-01-29', 18.866884, 0.918153, 79.504386),
(179, 1, 13, '2025-01-30', 24.820182, 0.709192, 60.434689),
(180, 1, 7, '2025-01-31', 13.405854, 0.817414, 85.93261),
(181, 1, 1, '2025-02-01', 49.545453, 0.996548, 48.198166),
(182, 1, 2, '2025-02-02', 22.17377, 0.881316, 92.000594),
(183, 1, 11, '2025-02-03', 44.411353, 0.75195, 81.060355),
(184, 1, 7, '2025-02-04', 22.692485, 0.703539, 50.765705),
(185, 1, 8, '2025-02-05', 34.800024, 0.800348, 47.241346),
(186, 1, 7, '2025-02-05', 14.155729, 0.826042, 81.380478),
(187, 1, 14, '2025-02-06', 12.90755, 0.987592, 57.640684),
(188, 1, 6, '2025-02-07', 59.698934, 0.722771, 87.237738),
(189, 1, 10, '2025-02-07', 18.280777, 0.740783, 84.022687),
(190, 1, 15, '2025-02-07', 35.572413, 0.708879, 58.359831),
(191, 1, 13, '2025-02-07', 20.846974, 0.959294, 71.952889),
(192, 1, 11, '2025-02-08', 48.691592, 0.697774, 73.934736),
(193, 1, 15, '2025-02-09', 25.590171, 0.880239, 81.124898),
(194, 1, 15, '2025-02-09', 38.848591, 0.852918, 53.438232),
(195, 1, 6, '2025-02-10', 114.160272, 0.988422, 45.620073),
(196, 1, 6, '2025-02-11', 60.397744, 0.741307, 86.228386),
(197, 1, 16, '2025-02-13', 12.42871, 0.645303, 64.688934),
(198, 1, 8, '2025-02-13', 29.204679, 0.85054, 56.292349),
(199, 1, 15, '2025-02-15', 25.911865, 0.794506, 80.117739),
(200, 1, 4, '2025-02-16', 39.764451, 0.674779, 55.225206),
(201, 1, 5, '2025-02-16', 34.644632, 0.821397, 64.425566),
(202, 1, 3, '2025-02-17', 20.040287, 0.701699, 69.460082),
(203, 1, 15, '2025-02-17', 24.806163, 0.722403, 83.68888),
(204, 1, 12, '2025-02-18', 22.784552, 0.974586, 89.534348),
(205, 1, 6, '2025-02-18', 106.906257, 0.928313, 48.715577),
(206, 1, 10, '2025-02-18', 18.291985, 0.805668, 83.971202),
(207, 1, 6, '2025-02-18', 121.668883, 0.883654, 42.8047),
(208, 1, 15, '2025-02-18', 35.274682, 0.853175, 58.852409),
(209, 1, 6, '2025-02-19', 58.031106, 0.972069, 89.744972),
(210, 1, 1, '2025-02-20', 33.285443, 0.856855, 71.743073),
(211, 1, 5, '2025-02-21', 26.511667, 0.814854, 84.18935),
(212, 1, 10, '2025-02-21', 22.963554, 0.983837, 66.888601),
(213, 1, 5, '2025-02-21', 25.481784, 0.963504, 87.591984),
(214, 1, 14, '2025-02-23', 16.770982, 0.742785, 44.36234),
(215, 1, 3, '2025-02-23', 21.581092, 0.894784, 64.500906),
(216, 1, 8, '2025-02-23', 25.633485, 0.801227, 64.13486),
(217, 1, 1, '2025-02-24', 25.749104, 0.886504, 92.741092),
(218, 1, 5, '2025-02-25', 27.158024, 0.90999, 82.185654),
(219, 1, 3, '2025-02-26', 21.89914, 0.992976, 63.56414),
(220, 1, 10, '2025-02-28', 17.628847, 0.770457, 87.129917),
(221, 1, 13, '2025-03-02', 32.336997, 0.838252, 46.386497),
(222, 1, 14, '2025-03-03', 8.240052, 0.914177, 90.290688),
(223, 1, 1, '2025-03-04', 25.255815, 0.785319, 94.552482),
(224, 1, 1, '2025-03-04', 53.869454, 0.85202, 44.329389),
(225, 1, 7, '2025-03-07', 17.242837, 0.915497, 66.810351),
(226, 1, 10, '2025-03-09', 21.910164, 0.955973, 70.104451),
(227, 1, 7, '2025-03-09', 20.937727, 0.843695, 55.0203),
(228, 1, 5, '2025-03-09', 22.292496, 0.764022, 100.123378),
(229, 1, 13, '2025-03-09', 21.444636, 0.966253, 69.947563),
(230, 1, 12, '2025-03-10', 20.91673, 0.85459, 97.529587),
(231, 1, 7, '2025-03-12', 19.383917, 0.961872, 59.430713),
(232, 1, 9, '2025-03-13', 16.753917, 0.91722, 85.950048),
(233, 1, 16, '2025-03-14', 8.022035, 0.963669, 100.223941),
(234, 1, 7, '2025-03-16', 25.402952, 0.911114, 45.349061),
(235, 1, 2, '2025-03-17', 27.852229, 0.681127, 73.24369),
(236, 1, 14, '2025-03-18', 8.358801, 0.805389, 89.007984),
(237, 1, 6, '2025-03-18', 56.613048, 0.819748, 91.992927),
(238, 1, 8, '2025-03-18', 29.204617, 0.776187, 56.292469),
(239, 1, 13, '2025-03-19', 27.481692, 0.718758, 54.581793),
(240, 1, 9, '2025-03-20', 22.288955, 0.874901, 64.605989),
(241, 1, 5, '2025-03-20', 23.645565, 0.678231, 94.394024),
(242, 1, 4, '2025-03-21', 25.873523, 0.705865, 84.874409),
(243, 1, 12, '2025-03-21', 30.233537, 0.985386, 67.474738),
(244, 1, 6, '2025-03-22', 56.023049, 0.920087, 92.961738),
(245, 1, 6, '2025-03-23', 69.955088, 0.775596, 74.447765),
(246, 1, 12, '2025-03-23', 39.589194, 0.794169, 51.529213),
(247, 1, 6, '2025-03-26', 103.738861, 0.734738, 50.20298),
(248, 1, 7, '2025-03-26', 11.837048, 0.806847, 97.32156),
(249, 1, 6, '2025-03-26', 62.964111, 0.816252, 82.713786),
(250, 1, 1, '2025-03-26', 22.74398, 0.714883, 104.994816),
(251, 1, 3, '2025-03-26', 14.248165, 0.962156, 97.696793),
(252, 1, 11, '2025-03-27', 77.66594, 0.806998, 46.352365),
(253, 1, 12, '2025-03-28', 35.37813, 0.919713, 57.662742),
(254, 1, 9, '2025-03-29', 16.210356, 0.999396, 88.832103),
(255, 1, 8, '2025-03-30', 19.29266, 0.823598, 85.213754),
(256, 1, 2, '2025-03-31', 22.230341, 0.797396, 91.766475),
(257, 1, 15, '2025-04-01', 39.331605, 0.72265, 52.781981),
(258, 1, 8, '2025-04-02', 17.705402, 0.737424, 92.853019),
(259, 1, 14, '2025-04-02', 10.730237, 0.943057, 69.336773),
(260, 1, 5, '2025-04-02', 28.464441, 0.944609, 78.413624),
(261, 1, 1, '2025-04-02', 23.425321, 0.975942, 101.940971),
(262, 1, 4, '2025-04-03', 31.219173, 0.907125, 70.341389),
(263, 1, 6, '2025-04-03', 59.196083, 0.750788, 87.978795),
(264, 1, 12, '2025-04-04', 34.959554, 0.998752, 58.353148),
(265, 1, 10, '2025-04-04', 19.838902, 0.839166, 77.423639),
(266, 1, 15, '2025-04-04', 20.746571, 0.986028, 100.064731),
(267, 1, 16, '2025-04-04', 10.20144, 0.885887, 78.8124),
(268, 1, 5, '2025-04-06', 30.025498, 0.951041, 74.336818),
(269, 1, 9, '2025-04-06', 15.057345, 0.863047, 95.634391),
(270, 1, 12, '2025-04-06', 25.306216, 0.810956, 80.612605),
(271, 1, 2, '2025-04-07', 34.62897, 0.704276, 58.910212),
(272, 1, 3, '2025-04-07', 17.162554, 0.815285, 81.10681),
(273, 1, 5, '2025-04-08', 20.909964, 0.943781, 106.743371),
(274, 1, 15, '2025-04-10', 26.644728, 0.81923, 77.914099),
(275, 1, 15, '2025-04-11', 20.897979, 0.859288, 99.339749),
(276, 1, 6, '2025-04-11', 95.289197, 0.998497, 54.654674),
(277, 1, 11, '2025-04-11', 65.987813, 0.834936, 54.555528),
(278, 1, 8, '2025-04-12', 27.810618, 0.763564, 59.114112),
(279, 1, 3, '2025-04-13', 15.820333, 0.99011, 87.988032),
(280, 1, 1, '2025-04-13', 32.032802, 0.759149, 74.548583),
(281, 1, 2, '2025-04-13', 19.655476, 0.917225, 103.787868),
(282, 1, 12, '2025-04-14', 19.045701, 0.820201, 107.110784),
(283, 1, 15, '2025-04-16', 22.110488, 0.884929, 93.892094),
(284, 1, 9, '2025-04-17', 19.255208, 0.997448, 74.784963),
(285, 1, 3, '2025-04-18', 19.470406, 0.797318, 71.493117),
(286, 1, 16, '2025-04-19', 9.046425, 0.856846, 88.874882),
(287, 1, 11, '2025-04-20', 32.883797, 0.823528, 109.47641),
(288, 1, 3, '2025-04-21', 17.687551, 0.789386, 78.69942),
(289, 1, 4, '2025-04-21', 23.075827, 0.717036, 95.164518),
(290, 1, 14, '2025-04-21', 9.429928, 0.967478, 78.897736),
(291, 1, 2, '2025-04-21', 32.220747, 0.871904, 63.313243),
(292, 1, 11, '2025-04-22', 35.172232, 0.729099, 102.353469),
(293, 1, 6, '2025-04-23', 61.791383, 0.833136, 84.283597),
(294, 1, 2, '2025-04-23', 20.321268, 0.839472, 100.387437),
(295, 1, 5, '2025-04-24', 35.235425, 0.805601, 63.345341),
(296, 1, 11, '2025-04-25', 48.109694, 0.749887, 74.828994),
(297, 1, 7, '2025-04-26', 13.56962, 0.784197, 84.895523),
(298, 1, 11, '2025-04-26', 31.935473, 0.918647, 112.727313),
(299, 1, 16, '2025-04-26', 8.110113, 0.976352, 99.135488),
(300, 1, 16, '2025-04-27', 10.101766, 0.969761, 79.590043),
(301, 1, 4, '2025-04-27', 19.881565, 0.949098, 110.45408),
(302, 1, 15, '2025-04-27', 19.020368, 0.861741, 109.146156),
(303, 1, 9, '2025-04-27', 21.194441, 0.789795, 67.942345),
(304, 1, 5, '2025-04-27', 30.277376, 0.895834, 73.718411),
(305, 1, 11, '2025-04-27', 41.296434, 0.940801, 87.174597),
(306, 1, 13, '2025-04-28', 23.592437, 0.969106, 63.579696),
(307, 1, 10, '2025-04-28', 13.861052, 0.79116, 110.814103),
(308, 1, 6, '2025-04-29', 51.984748, 0.86633, 100.183231),
(309, 1, 16, '2025-04-30', 7.050516, 0.821313, 114.034205),
(310, 1, 14, '2025-05-01', 6.902204, 0.803289, 107.79166),
(311, 1, 5, '2025-05-02', 23.040633, 0.946989, 96.872339),
(312, 1, 1, '2025-05-02', 24.872719, 0.810792, 96.008805),
(313, 1, 14, '2025-05-02', 7.219951, 0.795769, 103.047795),
(314, 1, 12, '2025-05-04', 26.072999, 0.808563, 78.241862),
(315, 1, 15, '2025-05-05', 23.04439, 0.966967, 90.087002),
(316, 1, 16, '2025-05-06', 11.249069, 0.749786, 71.472582),
(317, 1, 12, '2025-05-09', 19.420361, 0.98914, 105.044394),
(318, 1, 5, '2025-05-09', 31.315549, 0.801731, 71.274496),
(319, 1, 13, '2025-05-10', 19.444581, 0.920134, 77.142314),
(320, 1, 16, '2025-05-11', 9.546559, 0.787671, 84.218825),
(321, 1, 13, '2025-05-12', 22.703672, 0.817009, 66.068606),
(322, 1, 9, '2025-05-13', 12.8657, 0.935409, 111.925507),
(323, 1, 10, '2025-05-14', 26.36354, 0.989775, 58.262281),
(324, 1, 2, '2025-05-15', 25.325955, 0.973745, 80.549776),
(325, 1, 5, '2025-05-16', 23.372284, 0.904821, 95.497728),
(326, 1, 5, '2025-05-17', 25.498298, 0.819442, 87.535255),
(327, 1, 16, '2025-05-18', 12.083127, 0.839639, 66.539069),
(328, 1, 7, '2025-05-19', 11.332892, 0.769734, 101.651015),
(329, 1, 3, '2025-05-20', 16.419276, 0.930471, 84.778406),
(330, 1, 15, '2025-05-20', 21.091442, 0.979053, 98.428547),
(331, 1, 10, '2025-05-22', 16.192874, 0.80149, 94.85654),
(332, 1, 9, '2025-05-23', 14.242765, 0.831293, 101.103965),
(333, 1, 14, '2025-05-25', 9.750506, 0.744629, 76.303733),
(334, 1, 13, '2025-05-26', 14.280203, 0.82591, 105.040523),
(335, 1, 1, '2025-05-26', 26.009424, 0.908928, 91.812877),
(336, 1, 9, '2025-05-27', 13.636877, 0.798602, 105.596022),
(337, 1, 7, '2025-05-28', 13.838739, 0.812273, 83.244579),
(338, 1, 3, '2025-05-28', 14.162279, 0.959178, 98.289266),
(339, 1, 16, '2025-05-29', 7.684506, 0.905964, 104.626111),
(340, 1, 14, '2025-05-30', 8.565805, 0.780036, 86.856988),
(341, 1, 12, '2025-05-31', 17.4474, 0.784696, 116.922866),
(342, 1, 12, '2025-06-01', 17.95184, 0.994189, 113.637374),
(343, 1, 14, '2025-06-01', 7.50268, 0.773583, 99.16456),
(344, 1, 3, '2025-06-05', 19.648021, 0.942404, 70.846829),
(345, 1, 3, '2025-06-06', 16.464575, 0.955097, 84.545152),
(346, 1, 8, '2025-06-06', 23.325381, 0.891503, 70.481163),
(347, 1, 5, '2025-06-07', 18.730227, 0.880636, 119.165669),
(348, 1, 13, '2025-06-10', 13.804961, 0.823057, 108.65659),
(349, 1, 13, '2025-06-11', 20.355575, 0.943892, 73.689887),
(350, 1, 16, '2025-06-12', 7.734531, 0.780566, 103.949418),
(351, 1, 2, '2025-06-12', 21.354995, 0.85624, 95.528001),
(352, 1, 14, '2025-06-13', 11.297624, 0.822781, 65.854558),
(353, 1, 9, '2025-06-13', 12.90932, 0.779341, 111.547316),
(354, 1, 16, '2025-06-14', 7.84879, 0.811986, 102.436174),
(355, 1, 4, '2025-06-16', 27.639005, 0.775672, 79.452933),
(356, 1, 6, '2025-06-17', 62.624651, 0.812361, 83.16214),
(357, 1, 11, '2025-06-18', 38.716291, 0.971435, 92.984114),
(358, 1, 3, '2025-06-19', 11.541059, 0.852026, 120.612845),
(359, 1, 1, '2025-06-20', 25.026953, 0.889039, 95.417129),
(360, 1, 3, '2025-06-20', 14.928115, 0.821115, 93.246869),
(361, 1, 10, '2025-06-20', 15.535432, 0.998914, 98.87076),
(362, 1, 14, '2025-06-21', 7.952672, 0.92339, 93.553462),
(363, 1, 10, '2025-06-22', 20.295458, 0.903857, 75.681957),
(364, 1, 12, '2025-06-23', 28.680105, 0.959125, 71.129446),
(365, 1, 1, '2025-06-24', 24.526696, 0.99296, 97.363297),
(366, 1, 6, '2025-06-24', 48.661153, 0.870311, 107.025825),
(367, 1, 12, '2025-06-25', 26.860817, 0.962609, 75.947056),
(368, 1, 4, '2025-06-26', 31.346509, 0.947392, 70.055649),
(369, 1, 1, '2025-06-26', 20.017611, 0.992312, 119.294953),
(370, 1, 5, '2025-06-28', 25.91507, 0.848059, 86.127494),
(371, 1, 9, '2025-06-28', 13.102342, 0.974202, 109.904018),
(372, 1, 1, '2025-06-29', 23.436957, 0.927111, 101.890359),
(373, 1, 14, '2025-06-30', 10.035662, 0.981215, 74.13562),
(374, 1, 3, '2025-06-30', 12.034954, 0.930935, 115.663089),
(375, 1, 15, '2025-06-30', 20.710336, 0.790428, 100.239803),
(376, 1, 5, '2025-06-30', 23.409377, 0.92625, 95.346409),
(377, 1, 13, '2025-07-01', 13.537644, 0.853966, 110.802142),
(378, 1, 9, '2025-07-02', 11.799615, 0.817709, 122.037879),
(379, 1, 7, '2025-07-02', 15.478603, 0.84599, 74.425321),
(380, 1, 10, '2025-07-02', 13.271351, 0.825798, 115.73803),
(381, 1, 13, '2025-07-03', 18.478568, 0.826114, 81.175121),
(382, 1, 2, '2025-07-05', 25.194131, 0.907765, 80.971238),
(383, 1, 2, '2025-07-05', 20.043121, 0.801266, 101.780558),
(384, 1, 5, '2025-07-06', 26.741991, 0.947906, 83.464242),
(385, 1, 3, '2025-07-06', 11.20221, 0.844347, 124.261196),
(386, 1, 12, '2025-07-07', 20.496427, 0.889566, 99.529543),
(387, 1, 9, '2025-07-08', 14.953559, 0.982329, 96.298144),
(388, 1, 11, '2025-07-08', 31.718655, 0.904571, 113.497876),
(389, 1, 14, '2025-07-09', 6.271035, 0.897763, 118.640694),
(390, 1, 16, '2025-07-10', 9.878877, 0.810674, 81.385768),
(391, 1, 13, '2025-07-10', 18.221223, 0.904742, 82.321587),
(392, 1, 10, '2025-07-11', 12.657558, 0.829107, 121.350421),
(393, 1, 14, '2025-07-12', 8.040914, 0.96696, 92.52679),
(394, 1, 8, '2025-07-13', 13.906954, 0.97566, 118.214242),
(395, 1, 1, '2025-07-13', 18.064553, 0.920399, 132.192589),
(396, 1, 13, '2025-07-13', 14.327205, 0.917019, 104.695926),
(397, 1, 2, '2025-07-14', 16.179424, 0.837894, 126.086069),
(398, 1, 4, '2025-07-14', 16.646749, 0.796405, 131.917648),
(399, 1, 2, '2025-07-15', 22.437433, 0.949664, 90.919492),
(400, 1, 15, '2025-07-15', 19.730101, 0.919888, 105.219936),
(401, 1, 7, '2025-07-16', 9.542477, 0.861869, 120.72337),
(402, 1, 15, '2025-07-16', 20.163956, 0.802732, 102.955986),
(403, 1, 12, '2025-07-17', 18.72137, 0.975389, 108.966385),
(404, 1, 10, '2025-07-18', 12.668652, 0.832718, 121.244157),
(405, 1, 4, '2025-07-19', 24.94324, 0.912954, 88.039886),
(406, 1, 5, '2025-07-21', 28.932177, 0.898619, 77.145942),
(407, 1, 11, '2025-07-21', 27.318117, 0.911285, 131.780677),
(408, 1, 8, '2025-07-22', 20.085264, 0.859291, 81.851053),
(409, 1, 12, '2025-07-22', 18.148653, 0.950085, 112.405039),
(410, 1, 16, '2025-07-23', 7.986508, 0.924451, 100.66978),
(411, 1, 14, '2025-07-24', 7.284735, 0.911524, 102.131368),
(412, 1, 12, '2025-07-25', 24.279954, 0.87071, 84.019928),
(413, 1, 4, '2025-07-26', 19.314084, 0.941317, 113.69941),
(414, 1, 4, '2025-07-26', 16.572998, 0.830714, 132.504689),
(415, 1, 13, '2025-07-27', 11.261254, 0.971119, 133.200081),
(416, 1, 16, '2025-07-27', 6.691234, 0.961186, 120.157203),
(417, 1, 14, '2025-07-28', 5.967048, 0.909419, 124.684773),
(418, 1, 3, '2025-07-28', 12.920381, 0.895078, 107.736762),
(419, 1, 12, '2025-07-31', 15.898674, 0.836699, 128.312588),
(420, 1, 4, '2025-08-01', 20.811993, 0.90275, 105.516083),
(421, 1, 11, '2025-08-01', 30.500119, 0.92821, 118.032327),
(422, 1, 16, '2025-08-02', 9.152136, 0.860674, 87.848345),
(423, 1, 8, '2025-08-03', 12.416045, 0.814891, 132.409309),
(424, 1, 16, '2025-08-03', 8.237157, 0.922542, 97.606488),
(425, 1, 9, '2025-08-04', 12.677137, 0.933173, 113.590315),
(426, 1, 2, '2025-08-05', 15.745157, 0.844343, 129.563647),
(427, 1, 9, '2025-08-05', 14.847583, 0.943343, 96.985483),
(428, 1, 15, '2025-08-06', 21.778742, 0.99507, 95.322311),
(429, 1, 1, '2025-08-06', 25.21261, 0.825349, 94.714509),
(430, 1, 2, '2025-08-07', 20.715333, 0.893393, 98.477779),
(431, 1, 15, '2025-08-07', 16.780672, 0.861296, 123.713758),
(432, 1, 7, '2025-08-08', 14.442315, 0.918611, 79.765603),
(433, 1, 9, '2025-08-09', 17.738642, 0.878168, 81.178705),
(434, 1, 4, '2025-08-09', 18.223983, 0.908061, 120.500549),
(435, 1, 16, '2025-08-09', 6.918465, 0.892829, 116.210756),
(436, 1, 16, '2025-08-09', 6.990705, 0.981917, 115.009856),
(437, 1, 10, '2025-08-09', 16.153089, 0.963583, 95.090169),
(438, 1, 10, '2025-08-10', 14.890968, 0.950354, 103.149777),
(439, 1, 11, '2025-08-10', 34.954762, 0.975492, 102.99026),
(440, 1, 12, '2025-08-10', 24.813264, 0.824441, 82.214094),
(441, 1, 10, '2025-08-10', 11.772995, 0.917539, 130.468078),
(442, 1, 6, '2025-08-11', 44.45896, 0.900977, 117.141743),
(443, 1, 3, '2025-08-12', 17.330526, 0.878159, 80.320701),
(444, 1, 16, '2025-08-13', 9.074408, 0.834248, 88.600819),
(445, 1, 12, '2025-08-13', 18.400849, 0.969477, 110.864451),
(446, 1, 16, '2025-08-14', 6.020173, 0.875519, 133.55097),
(447, 1, 5, '2025-08-15', 27.025236, 0.875906, 82.589473),
(448, 1, 1, '2025-08-17', 28.790278, 0.989183, 82.944667),
(449, 1, 15, '2025-08-19', 16.418032, 0.955813, 126.446333),
(450, 1, 10, '2025-08-21', 16.61639, 0.958423, 92.438852),
(451, 1, 15, '2025-08-22', 19.341803, 0.864207, 107.332289),
(452, 1, 2, '2025-08-23', 16.91719, 0.978234, 120.587401),
(453, 1, 2, '2025-08-23', 20.090381, 0.920245, 101.541133),
(454, 1, 7, '2025-08-23', 11.284879, 0.935205, 102.083506),
(455, 1, 7, '2025-08-25', 12.227049, 0.859994, 94.217335),
(456, 1, 9, '2025-08-26', 10.616669, 0.934621, 135.635757),
(457, 1, 2, '2025-08-27', 18.354733, 0.913339, 111.142996),
(458, 1, 7, '2025-08-27', 8.208022, 0.990937, 140.350499),
(459, 1, 2, '2025-08-29', 16.313208, 0.852649, 125.052045),
(460, 1, 3, '2025-08-31', 15.740415, 0.934955, 88.434772),
(461, 1, 4, '2025-08-31', 21.643706, 0.975635, 101.461365),
(462, 1, 10, '2025-09-01', 14.753239, 0.965068, 104.112733),
(463, 1, 5, '2025-09-01', 22.398575, 0.88049, 99.649199),
(464, 1, 7, '2025-09-02', 9.84973, 0.859563, 116.957523),
(465, 1, 8, '2025-09-03', 17.505402, 0.995835, 93.913868),
(466, 1, 15, '2025-09-04', 19.465009, 0.900846, 106.65292),
(467, 1, 16, '2025-09-04', 7.556702, 0.868547, 106.395619),
(468, 1, 14, '2025-09-05', 6.779488, 0.971075, 109.742803),
(469, 1, 7, '2025-09-07', 11.697608, 0.920537, 98.481676),
(470, 1, 1, '2025-09-08', 19.82243, 0.960803, 120.469587),
(471, 1, 16, '2025-09-08', 7.154582, 0.85849, 112.375537),
(472, 1, 7, '2025-09-08', 7.88114, 0.927124, 146.171756),
(473, 1, 2, '2025-09-08', 17.564866, 0.85582, 116.140938),
(474, 1, 3, '2025-09-08', 12.68524, 0.999851, 109.733833),
(475, 1, 15, '2025-09-09', 20.905019, 0.863018, 99.306295),
(476, 1, 14, '2025-09-10', 5.181288, 0.960588, 143.593646),
(477, 1, 15, '2025-09-11', 15.585517, 0.881827, 133.200585),
(478, 1, 9, '2025-09-11', 11.825736, 0.908801, 121.768316),
(479, 1, 5, '2025-09-11', 19.296415, 0.933496, 115.669155),
(480, 1, 7, '2025-09-12', 9.398801, 0.876902, 122.568831),
(481, 1, 1, '2025-09-13', 18.611709, 0.8989, 128.306328),
(482, 1, 3, '2025-09-14', 11.813324, 0.948427, 117.833053),
(483, 1, 16, '2025-09-14', 8.180854, 0.868444, 98.278254),
(484, 1, 6, '2025-09-14', 43.93942, 0.910806, 118.526826),
(485, 1, 12, '2025-09-15', 20.320549, 0.867072, 100.390988),
(486, 1, 16, '2025-09-16', 6.612562, 0.875387, 121.586764),
(487, 1, 13, '2025-09-17', 10.709235, 0.878366, 140.066034),
(488, 1, 2, '2025-09-19', 14.828738, 0.898905, 137.57071),
(489, 1, 16, '2025-09-20', 6.800029, 0.905736, 118.234796),
(490, 1, 4, '2025-09-21', 21.524784, 0.932626, 102.021932),
(491, 1, 12, '2025-09-21', 16.021424, 0.968346, 127.329503),
(492, 1, 15, '2025-09-22', 14.914828, 0.922886, 139.190342),
(493, 1, 3, '2025-09-23', 10.650675, 0.912729, 130.695939),
(494, 1, 1, '2025-09-24', 16.714272, 0.905897, 142.87191),
(495, 1, 14, '2025-09-24', 6.826523, 0.950773, 108.986664),
(496, 1, 10, '2025-09-24', 13.010936, 0.899249, 118.054531),
(497, 1, 5, '2025-09-24', 15.282353, 0.870752, 146.050808),
(498, 1, 10, '2025-09-25', 13.831474, 0.871231, 111.051071),
(499, 3, 3, '2025-05-29', 34.357422, 0.848851, 40.515263),
(500, 3, 9, '2025-05-30', 26.523489, 0.83293, 54.291501),
(501, 3, 10, '2025-05-31', 67.183209, 0.952089, 22.862856),
(502, 3, 15, '2025-06-02', 108.93757, 0.885893, 19.056786),
(503, 3, 3, '2025-06-02', 53.363528, 0.623608, 26.085232),
(504, 3, 5, '2025-06-02', 49.400815, 0.989687, 45.18144),
(505, 3, 6, '2025-06-03', 97.266525, 0.624605, 53.543601),
(506, 3, 2, '2025-06-04', 52.294503, 0.744551, 39.009836),
(507, 3, 1, '2025-06-05', 55.085848, 0.592584, 43.350518),
(508, 3, 14, '2025-06-05', 26.544793, 0.675797, 28.028096),
(509, 3, 5, '2025-06-05', 37.002576, 0.620171, 60.320125),
(510, 3, 9, '2025-06-06', 139.219253, 0.781461, 10.343397),
(511, 3, 12, '2025-06-07', 93.880956, 0.768231, 21.729647),
(512, 3, 12, '2025-06-08', 55.759797, 0.517607, 36.585499),
(513, 3, 9, '2025-06-09', 24.436325, 0.7214, 58.928665),
(514, 3, 14, '2025-06-10', 24.084661, 0.858115, 30.89103),
(515, 3, 7, '2025-06-13', 18.962287, 0.738387, 60.752167),
(516, 3, 12, '2025-06-14', 70.248614, 0.614995, 29.039719),
(517, 3, 3, '2025-06-15', 27.404892, 0.619371, 50.79385),
(518, 3, 12, '2025-06-15', 76.933685, 0.693165, 26.516343),
(519, 3, 11, '2025-06-16', 293.865777, 0.611, 12.250491),
(520, 3, 4, '2025-06-17', 174.971008, 0.630495, 12.550651),
(521, 3, 2, '2025-06-17', 94.442039, 0.706153, 21.60055),
(522, 3, 2, '2025-06-19', 52.384416, 0.859736, 38.942879),
(523, 3, 12, '2025-06-19', 122.125434, 0.949964, 16.704137),
(524, 3, 16, '2025-06-20', 13.639001, 0.818897, 58.948598),
(525, 3, 12, '2025-06-20', 36.779584, 0.646104, 55.465553),
(526, 3, 14, '2025-06-20', 27.163602, 0.634794, 27.389593),
(527, 3, 7, '2025-06-21', 37.467016, 0.637726, 30.747044),
(528, 3, 7, '2025-06-22', 53.128845, 0.616961, 21.683136),
(529, 3, 8, '2025-06-23', 30.589092, 0.649168, 53.744649),
(530, 3, 11, '2025-06-24', 97.569635, 0.65818, 36.896725),
(531, 3, 15, '2025-06-26', 80.501127, 0.801307, 25.788459),
(532, 3, 10, '2025-06-27', 36.564899, 0.761076, 42.0075),
(533, 3, 3, '2025-06-27', 54.907115, 0.757968, 25.351906),
(534, 3, 3, '2025-06-28', 95.687181, 0.717221, 14.547403),
(535, 3, 4, '2025-07-01', 68.46168, 0.774077, 32.076338),
(536, 3, 5, '2025-07-02', 89.318276, 0.686344, 24.989287),
(537, 3, 14, '2025-07-02', 18.499563, 0.612418, 40.217167),
(538, 3, 9, '2025-07-02', 85.250654, 0.937633, 16.891366),
(539, 3, 15, '2025-07-03', 30.404849, 0.712106, 68.278583),
(540, 3, 4, '2025-07-04', 37.018537, 0.836411, 59.321632),
(541, 3, 2, '2025-07-05', 69.738203, 0.980821, 29.252259),
(542, 3, 4, '2025-07-05', 34.610149, 0.992106, 63.449597),
(543, 3, 3, '2025-07-05', 27.132646, 0.866291, 51.303511),
(544, 3, 14, '2025-07-06', 10.96887, 0.888913, 67.828317),
(545, 3, 14, '2025-07-07', 16.659321, 0.819627, 44.659684),
(546, 3, 1, '2025-07-09', 62.314705, 0.761836, 38.321613),
(547, 3, 14, '2025-07-09', 15.413772, 0.692595, 48.268523),
(548, 3, 5, '2025-07-10', 50.4713, 0.634703, 44.223153),
(549, 3, 10, '2025-07-11', 25.973432, 0.571416, 59.137352),
(550, 3, 16, '2025-07-11', 11.941436, 0.971296, 67.328589),
(551, 3, 16, '2025-07-11', 35.126657, 0.877772, 22.8886),
(552, 3, 15, '2025-07-11', 51.060759, 0.766329, 40.657445),
(553, 3, 7, '2025-07-12', 21.962161, 0.636527, 52.453854),
(554, 3, 7, '2025-07-13', 17.219755, 0.812806, 66.899905),
(555, 3, 3, '2025-07-14', 92.702377, 0.985725, 15.015796),
(556, 3, 4, '2025-07-15', 56.983095, 0.755381, 38.537745),
(557, 3, 3, '2025-07-17', 25.35519, 0.86577, 54.900003),
(558, 3, 7, '2025-07-17', 32.075753, 0.858993, 35.914979),
(559, 3, 15, '2025-07-18', 87.287453, 0.908451, 23.783487),
(560, 3, 7, '2025-07-19', 15.872102, 0.774655, 72.580177),
(561, 3, 4, '2025-07-19', 33.812855, 0.625112, 64.945713),
(562, 3, 3, '2025-07-20', 64.485013, 0.740725, 21.586411),
(563, 3, 9, '2025-07-20', 26.327585, 0.909691, 54.695483),
(564, 3, 6, '2025-07-21', 178.288183, 0.821842, 29.211134),
(565, 3, 12, '2025-07-21', 31.567263, 0.76465, 64.62391),
(566, 3, 8, '2025-07-22', 56.172014, 0.752411, 29.267243),
(567, 3, 1, '2025-07-23', 37.192178, 0.761866, 64.207049),
(568, 3, 13, '2025-07-24', 23.739391, 0.67647, 63.18612),
(569, 3, 5, '2025-07-24', 34.131411, 0.748748, 65.394308),
(570, 3, 3, '2025-07-24', 27.544588, 0.877079, 50.536244),
(571, 3, 1, '2025-07-25', 67.548257, 0.602664, 35.352504),
(572, 3, 10, '2025-07-25', 66.331021, 0.638579, 23.156586),
(573, 3, 10, '2025-07-26', 93.783735, 0.903989, 16.378107),
(574, 3, 15, '2025-07-28', 89.608196, 0.67506, 23.167524),
(575, 3, 5, '2025-07-29', 48.399589, 0.751488, 46.116094),
(576, 3, 11, '2025-07-30', 87.374628, 0.64846, 41.201892),
(577, 3, 8, '2025-07-31', 54.972156, 0.935291, 29.906049),
(578, 3, 13, '2025-07-31', 36.912772, 0.642658, 40.636341),
(579, 3, 6, '2025-07-31', 108.944442, 0.878923, 47.804183),
(580, 3, 6, '2025-08-01', 265.866177, 0.597494, 19.588802),
(581, 3, 15, '2025-08-02', 30.580686, 0.962579, 67.885985),
(582, 3, 11, '2025-08-02', 47.145993, 0.778968, 76.358558),
(583, 3, 9, '2025-08-02', 73.358515, 0.682712, 19.629623),
(584, 3, 7, '2025-08-04', 33.128488, 0.577942, 34.773697),
(585, 3, 12, '2025-08-05', 64.665461, 0.967456, 31.54698),
(586, 3, 2, '2025-08-06', 34.781565, 0.587394, 58.651761),
(587, 3, 1, '2025-08-06', 50.957489, 0.841485, 46.862592),
(588, 3, 13, '2025-08-07', 40.940519, 0.925559, 36.63852),
(589, 3, 14, '2025-08-07', 10.605425, 0.847969, 70.152772),
(590, 3, 14, '2025-08-07', 39.575763, 0.760164, 18.799385),
(591, 3, 1, '2025-08-07', 32.221757, 0.984342, 74.111415),
(592, 3, 10, '2025-08-07', 35.258907, 0.919106, 43.563461),
(593, 3, 1, '2025-08-07', 39.737749, 0.686234, 60.093993),
(594, 3, 14, '2025-08-08', 15.190209, 0.6728, 48.978919),
(595, 3, 5, '2025-08-08', 109.464069, 0.647566, 20.390252),
(596, 3, 10, '2025-08-08', 29.878785, 0.739175, 51.407712),
(597, 3, 7, '2025-08-09', 38.968484, 0.996982, 29.562351),
(598, 3, 13, '2025-08-10', 20.244922, 0.852364, 74.092653),
(599, 3, 9, '2025-08-10', 42.861964, 0.647506, 33.596221),
(600, 3, 2, '2025-08-10', 60.584819, 0.616656, 33.671801),
(601, 3, 10, '2025-08-12', 25.134334, 0.722662, 61.111625),
(602, 3, 5, '2025-08-12', 29.053744, 0.809973, 76.823145),
(603, 3, 9, '2025-08-12', 19.614736, 0.685426, 73.414191),
(604, 3, 4, '2025-08-12', 87.865015, 0.689711, 24.992883),
(605, 3, 13, '2025-08-13', 46.620571, 0.736898, 32.174638),
(606, 3, 14, '2025-08-14', 11.337305, 0.98233, 65.624062),
(607, 3, 7, '2025-08-16', 16.171132, 0.835366, 71.238053),
(608, 3, 15, '2025-08-17', 28.363204, 0.719095, 73.193425),
(609, 3, 8, '2025-08-19', 21.655888, 0.999923, 75.914688),
(610, 3, 1, '2025-08-20', 58.842672, 0.836908, 40.582794),
(611, 3, 13, '2025-08-20', 22.470442, 0.93601, 66.754361),
(612, 3, 14, '2025-08-21', 14.444835, 0.924763, 51.506301),
(613, 3, 13, '2025-08-22', 25.139202, 0.883005, 59.667766),
(614, 3, 15, '2025-08-22', 51.75388, 0.919615, 40.112935),
(615, 3, 9, '2025-08-22', 51.56801, 0.948881, 27.924289),
(616, 3, 8, '2025-08-22', 20.759126, 0.869051, 79.194087),
(617, 3, 9, '2025-08-23', 47.836129, 0.70215, 30.10277),
(618, 3, 5, '2025-08-23', 38.049274, 0.813087, 58.660777),
(619, 3, 11, '2025-08-23', 65.071278, 0.695507, 55.323948),
(620, 3, 16, '2025-08-24', 14.530653, 0.791135, 55.331305),
(621, 3, 10, '2025-08-25', 40.160688, 0.737265, 38.246357),
(622, 3, 3, '2025-08-27', 28.21085, 0.753277, 49.342718),
(623, 3, 13, '2025-08-28', 22.819983, 0.808992, 65.731862),
(624, 3, 11, '2025-08-29', 44.469038, 0.769384, 80.955203),
(625, 3, 2, '2025-08-30', 41.842217, 0.691076, 48.754587),
(626, 3, 8, '2025-08-31', 21.801583, 0.961529, 75.407368),
(627, 3, 13, '2025-08-31', 41.184596, 0.798967, 36.421384),
(628, 3, 3, '2025-08-31', 20.00262, 0.912522, 69.590882),
(629, 3, 16, '2025-08-31', 12.169613, 0.917747, 66.066194),
(630, 3, 9, '2025-08-31', 23.512784, 0.800164, 61.24328),
(631, 3, 15, '2025-09-01', 44.523763, 0.817412, 46.626787),
(632, 3, 7, '2025-09-01', 18.130086, 0.928354, 63.540791),
(633, 3, 1, '2025-09-02', 47.012231, 0.867847, 50.795292),
(634, 3, 4, '2025-09-03', 26.744917, 0.729401, 82.109061),
(635, 3, 5, '2025-09-03', 84.022922, 0.792959, 26.56418),
(636, 3, 3, '2025-09-04', 19.445016, 0.792734, 71.586467),
(637, 3, 15, '2025-09-04', 38.310713, 0.621305, 54.188497),
(638, 3, 2, '2025-09-05', 45.299218, 0.618711, 45.03389),
(639, 3, 1, '2025-09-05', 76.656914, 0.91766, 31.151789),
(640, 3, 7, '2025-09-06', 18.35343, 0.815145, 62.767558),
(641, 3, 10, '2025-09-07', 19.328053, 0.659613, 79.46998),
(642, 3, 6, '2025-09-08', 94.756605, 0.975904, 54.961868),
(643, 3, 6, '2025-09-09', 60.710045, 0.85097, 85.784815),
(644, 3, 13, '2025-09-09', 48.304486, 0.952191, 31.053017),
(645, 3, 7, '2025-09-10', 20.950598, 0.767248, 54.986497),
(646, 3, 3, '2025-09-12', 18.636479, 0.640699, 74.69222),
(647, 3, 1, '2025-09-12', 35.116933, 0.695152, 68.001382),
(648, 3, 4, '2025-09-14', 29.666912, 0.672832, 74.02186),
(649, 3, 10, '2025-09-14', 22.298121, 0.850969, 68.884728),
(650, 3, 7, '2025-09-15', 32.199693, 0.721772, 35.776739),
(651, 3, 14, '2025-09-16', 10.769215, 0.840261, 69.085814),
(652, 3, 14, '2025-09-17', 22.660491, 0.979843, 32.832474),
(653, 3, 14, '2025-09-17', 10.939598, 0.845385, 68.00981),
(654, 3, 15, '2025-09-18', 25.568408, 0.955908, 81.193948),
(655, 3, 6, '2025-09-20', 85.186272, 0.682727, 61.136612),
(656, 3, 4, '2025-09-21', 45.907413, 0.620755, 47.835412),
(657, 3, 6, '2025-09-22', 162.965502, 0.699174, 31.957684),
(658, 3, 9, '2025-09-23', 23.565552, 0.712206, 61.106143),
(659, 3, 7, '2025-09-24', 23.4602, 0.689686, 49.10444),
(660, 3, 12, '2025-09-25', 23.66151, 0.987786, 86.215968),
(661, 4, 7, '2025-08-27', 106.574927, 0.635101, 10.809297),
(662, 4, 10, '2025-08-28', 117.813757, 0.961234, 13.037527),
(663, 4, 1, '2025-08-29', 105.191952, 0.67868, 22.701356),
(664, 4, 4, '2025-08-31', 102.017648, 0.984433, 21.525687),
(665, 4, 8, '2025-09-01', 52.361781, 0.743048, 31.396946),
(666, 4, 2, '2025-09-01', 76.109138, 0.806503, 26.803615),
(667, 4, 5, '2025-09-03', 56.209437, 0.996772, 39.708635),
(668, 4, 12, '2025-09-04', 649.980861, 0.626123, 3.138554),
(669, 4, 12, '2025-09-05', 59.328425, 0.704249, 34.384867),
(670, 4, 6, '2025-09-06', 98.72342, 0.969809, 52.75344),
(671, 4, 4, '2025-09-06', 107.685801, 0.911364, 20.392661),
(672, 4, 16, '2025-09-06', 19.136578, 0.70599, 42.013781),
(673, 4, 4, '2025-09-07', 61.864854, 0.659232, 35.49673),
(674, 4, 15, '2025-09-08', 280.169016, 0.581096, 7.409813),
(675, 4, 14, '2025-09-09', 12.120706, 0.851908, 61.382563),
(676, 4, 4, '2025-09-10', 34.633991, 0.889769, 63.405918),
(677, 4, 4, '2025-09-10', 61.009086, 0.748962, 35.994639),
(678, 4, 13, '2025-09-11', 54.062306, 0.944085, 27.745764),
(679, 4, 11, '2025-09-12', 108.267167, 0.973454, 33.251078),
(680, 4, 12, '2025-09-14', 53.088201, 0.573493, 38.426617),
(681, 4, 14, '2025-09-14', 25.52174, 0.589346, 29.151617),
(682, 4, 16, '2025-09-15', 17.028261, 0.782277, 47.215627),
(683, 4, 7, '2025-09-16', 66.904269, 0.78929, 17.218632),
(684, 4, 14, '2025-09-17', 15.73737, 0.836623, 47.276005),
(685, 4, 16, '2025-09-18', 13.281345, 0.579777, 60.536038),
(686, 4, 13, '2025-09-19', 24.564452, 0.863864, 61.063849),
(687, 4, 2, '2025-09-20', 72.400084, 0.582647, 28.176763),
(688, 4, 4, '2025-09-20', 38.23348, 0.9563, 57.436571),
(689, 4, 3, '2025-09-20', 30.041737, 0.556577, 46.335537),
(690, 4, 12, '2025-09-20', 119.834493, 0.88042, 17.023479),
(691, 4, 4, '2025-09-21', 68.664416, 0.889312, 31.981631),
(692, 4, 5, '2025-09-22', 34.112101, 0.601312, 65.431327),
(693, 4, 12, '2025-09-23', 31.63774, 0.654416, 64.479953),
(694, 4, 8, '2025-09-23', 49.270736, 0.560673, 33.366662),
(695, 4, 11, '2025-09-25', 53.219034, 0.650299, 67.64497),
(696, 1, 4, '2025-09-25', 36.02000045776367, 0.9562841653823853, 60.9661291530239);

-- --------------------------------------------------------

--
-- Table structure for table `text`
--

DROP TABLE IF EXISTS `text`;
CREATE TABLE IF NOT EXISTS `text` (
  `idTex` int NOT NULL AUTO_INCREMENT,
  `content` varchar(5000) DEFAULT NULL,
  `idCat` int NOT NULL,
  `approved` tinyint(1) DEFAULT NULL,
  PRIMARY KEY (`idTex`),
  KEY `R_2` (`idCat`)
) ENGINE=InnoDB AUTO_INCREMENT=17 DEFAULT CHARSET=ascii;

--
-- Dumping data for table `text`
--

INSERT INTO `text` (`idTex`, `content`, `idCat`, `approved`) VALUES
(1, 'In modern historiography, ancient Rome is the Roman civilization from the founding of the Italian city of Rome in the 8th century BC to the collapse of the Western Roman Empire in the 5th century AD.', 1, 1),
(2, 'Ancient Greece was a northeastern Mediterranean civilization, existing from the Greek Dark Ages of the 12th?9th centuries BC to the end of classical antiquity (c. 600 AD)', 1, 1),
(3, 'Cylon was an Athenian of the archaic period in Ancient Greece, primarily known for the events of the Cylonian Affair', 1, 1),
(4, 'The Battle of Thermopylae was fought in 480 BC at Thermopylae between the Achaemenid Persian Empire under Xerxes I and an alliance of Greek city-states led by Sparta under Leonidas I.', 1, 1),
(5, 'The Greco-Persian Wars (also often called the Persian Wars) were a series of conflicts between the Achaemenid Empire and Greek city-states that started in 499 BC and lasted until 449 BC.', 1, 1),
(6, 'In 491 BC, Darius sent emissaries to all the Greek city-states, asking for a gift of \'earth and water\' in token of their submission to him. Having had a demonstration of his power the previous year, the majority of the Greek cities duly obliged. In Athens, however, the ambassadors were put on trial and then executed; in Sparta, they were simply thrown down a well. This meant that Sparta was also now effectively at war with Persia.', 1, 1),
(7, 'Lepidoptera or lepidopterans is an order of winged insects which includes butterflies and moths.', 2, 1),
(8, 'A leaf is a principal appendage of the stem of a vascular plant, usually borne laterally above ground and specialized for photosynthesis.', 2, 1),
(9, 'Chlorophyll is any of several related green pigments found in cyanobacteria and in the chloroplasts of algae and plants.', 2, 1),
(10, 'The terms \"mushroom\" and \"toadstool\" go back centuries and were never precisely defined, nor was there consensus on application.', 2, 1),
(11, 'The cat (Felis catus), also referred to as the domestic cat or house cat, is a small domesticated carnivorous mammal. It is the only domesticated species of the family Felidae. Advances in archaeology and genetics have shown that the domestication of the cat occurred in the Near East around 7500 BC.', 2, 1),
(12, 'Taxonomically, the term \"weed\" has no botanical significance, because a plant that is a weed in one context, is not a weed when growing in a situation where it is wanted.', 2, 1),
(13, 'Trade isn\'t about goods. Trade is about information. Goods sit in the warehouse until information moves them. ~ C. J. Cherryh', 3, 1),
(14, 'Ars longa, vita brevis. (Art is long, life is short.) ~ Horace', 3, 1),
(15, 'All the world\'s a stage, And all the men and women merely players: They have their exits and their entrances; And one man in his time plays many parts. ~ William Shakespeare', 3, 1),
(16, 'What light through yonder window breaks? ~ Romeo, Act II, scene ii.', 3, 1);

--
-- Constraints for dumped tables
--

--
-- Constraints for table `daily`
--
ALTER TABLE `daily`
  ADD CONSTRAINT `R_3` FOREIGN KEY (`idTex`) REFERENCES `text` (`idTex`);

--
-- Constraints for table `dailyscore`
--
ALTER TABLE `dailyscore`
  ADD CONSTRAINT `R_6` FOREIGN KEY (`idSco`) REFERENCES `score` (`idSco`);

--
-- Constraints for table `follows`
--
ALTER TABLE `follows`
  ADD CONSTRAINT `R_7` FOREIGN KEY (`idFer`) REFERENCES `person` (`idPer`),
  ADD CONSTRAINT `R_8` FOREIGN KEY (`idFed`) REFERENCES `person` (`idPer`);

--
-- Constraints for table `score`
--
ALTER TABLE `score`
  ADD CONSTRAINT `R_4` FOREIGN KEY (`idPer`) REFERENCES `person` (`idPer`),
  ADD CONSTRAINT `R_5` FOREIGN KEY (`idTex`) REFERENCES `text` (`idTex`);

--
-- Constraints for table `text`
--
ALTER TABLE `text`
  ADD CONSTRAINT `R_2` FOREIGN KEY (`idCat`) REFERENCES `category` (`idCat`);
COMMIT;

/*!40101 SET CHARACTER_SET_CLIENT=@OLD_CHARACTER_SET_CLIENT */;
/*!40101 SET CHARACTER_SET_RESULTS=@OLD_CHARACTER_SET_RESULTS */;
/*!40101 SET COLLATION_CONNECTION=@OLD_COLLATION_CONNECTION */;
